category,mean_sentiment,ATE_vs_neutral
culture,0.2339428699955016,0.11509336118776956
moral,0.10012871057513917,-0.018720798232592872
neutral,0.11884950880773204,0.0
