category,mean_sentiment,ATE_vs_neutral
culture,0.15248917748917748,0.007703793197179315
moral,0.24385912698412698,0.09907374269212882
neutral,0.14478538429199816,0.0
