category,mean_sentiment,ATE_vs_neutral
culture,0.0,-0.07160695626212868
moral,0.0,-0.07160695626212868
neutral,0.07160695626212868,0.0
