category,Flan-T5,GPT-2,GPT-Neo,GPT2_minus_FlanT5,GPTNeo_minus_FlanT5,GPTNeo_minus_GPT2
culture,-0.07160695626212868,0.11509336118776956,0.007703793197179315,0.18670031744989823,0.079310749459308,-0.10738956799059024
moral,-0.07160695626212868,-0.018720798232592872,0.09907374269212882,0.05288615802953581,0.1706806989542575,0.11779454092472169
neutral,0.0,0.0,0.0,0.0,0.0,0.0
